<?xml version="1.0" encoding="UTF-8"?>

<config version="1.0"
        xmlns="http://www.quickcamteam.net"
        xmlns:xsi="http://www.w3.org/2001/XMLSchema-instance"
        xsi:schemaLocation="http://www.quickcamteam.net uvcconfig.xsd">
  <meta>
    <version>1.0</version>
    <author>Edgar Thier, The Imaging Source Europe GmbH</author>
    <contact>http://www.theimagingsource.com</contact>
    <revision>0.1</revision>
    <copyright>Copyright (c) 2014 The Imaging Source Europe GmbH</copyright>
    <history>
      1.0 - 24.06.2014
      Initial release
    </history>
  </meta>

  <constants>
    <constant type="guid">
      <id>UVC_GUID_TISEUVC_XU</id>
      <!-- <value>0aba49de-5c0b-49d5-8f71-0be40f94a67a</value> -->
      <value>de49ba0a-0b5c-d549-8f71-0be40f94a67a</value>
    </constant>

    <!-- Assure we do not collide with existing driver controls -->
    <!-- use 0x0199e200 as basis -->

    <constant type="integer">
      <id>V4L2_EXPOSURE_TIME_US</id>
      <value>0x0199e201</value>
    </constant>

    <!-- BM8, bit 0 = ENABLE -->
    <constant type="integer">
      <id>V4L2_AUTO_SHUTTER</id>
      <value>0x0199e202</value>
    </constant>
    <!-- S32 -->
    <constant type="integer">
      <id>V4L2_AUTO_EXPOSURE_REF</id>
      <value>0x0199e203</value>
    </constant>
    <!-- U32, in 0.01 dB units -->
    <constant type="integer">
      <id>V4L2_GAIN_ABS</id>
      <value>0x0199e204</value>
    </constant>
    <!-- BM8, bit 0 = ENABLE -->
    <constant type="integer">
      <id>V4L2_AUTO_GAIN</id>
      <value>0x0199e205</value>
    </constant>
    <!-- BM8, write bit 0 = START, read bit 0 = RUNNING -->
    <constant type="integer">
      <id>V4L2_ONE_PUSH_WB</id>
      <value>0x0199e206</value>
    </constant>
    <!-- U16, AFU130 specific presets -->
    <constant type="integer">
      <id>V4L2_WB_PRESET</id>
      <value>0x0199e207</value>
    </constant>
    <!-- BM8, bit 0 = ENABLE, bit 1 = POLARITY, bit 2 = GLOBAL_RESET_RELEASE -->
    <constant type="integer">
      <id>V4L2_TRIGGER</id>
      <value>0x0199e208</value>
    </constant>
    <!-- BM8, value ignored, write = TRIGGER -->
    <constant type="integer">
      <id>V4L2_SOFTWARE_TRIGGER</id>
      <value>0x0199e209</value>
    </constant>
    <!-- U32, in 100ns units -->
    <constant type="integer">
      <id>V4L2_TRIGGER_DELAY</id>
      <value>0x0199e210</value>
    </constant>
    <!-- BM8, bit 0 = ENABLE, bit 1 = POLARITY, bit 2 = USE_EXPOSURE_TIME -->
    <constant type="integer">
      <id>V4L2_STROBE_ENABLE</id>
      <value>0x0199e211</value>
    </constant>
    <constant type="integer">
      <id>V4L2_STROBE_POLARITY</id>
      <value>0x0199e212</value>
    </constant>
    <constant type="integer">
      <id>V4L2_STROBE_EXPOSURE</id>
      <value>0x0199e213</value>
    </constant>
    <!-- U16:S16, duration:delay, in µs units -->
    <constant type="integer">
      <id>V4L2_STROBE_DURATION</id>
      <value>0x0199e214</value>
    </constant>
    <constant type="integer">
      <id>V4L2_STROBE_DELAY</id>
      <value>0x0199e215</value>
    </constant>
    <!-- BM8, bit 0 = OUT, bit 1 = IN -->
    <constant type="integer">
      <id>V4L2_GPOUT</id>
      <value>0x0199e216</value>
    </constant>
    <constant type="integer">
      <id>V4L2_GPIN</id>
      <value>0x0199e217</value>
    </constant>
    <!-- U32 -->
    <constant type="integer">
      <id>V4L2_ROI_OFFSET_X</id>
      <value>0x0199e218</value>
    </constant>
    <!-- U32 -->
    <constant type="integer">
      <id>V4L2_ROI_OFFSET_Y</id>
      <value>0x0199e219</value>
    </constant>
    <!-- BM8, bit 0 = ENABLE -->
    <constant type="integer">
      <id>V4L2_ROI_AUTO_CENTER</id>
      <value>0x0199e220</value>
    </constant>
    <!-- BM8, write = START -->
    <constant type="integer">
      <id>V4L2_AUTO_FOCUS_ONE_PUSH</id>
      <value>0x0199e221</value>
    </constant>
    <!-- BM8, bit 0 = ENABLE -->
    <constant type="integer">
      <id>V4L2_AUTO_FOCUS_ROI_ENABLE</id>
      <value>0x0199e22</value>
    </constant>
    <!-- S16 -->
    <constant type="integer">
      <id>V4L2_AUTO_FOCUS_ROI_LEFT</id>
      <value>0x0199e223</value>
    </constant>
    <!-- S16 -->
    <constant type="integer">
      <id>V4L2_AUTO_FOCUS_ROI_TOP</id>
      <value>0x0199e224</value>
    </constant>
    <!-- BM8, bit 0 = ENABLE -->
    <constant type="integer">
      <id>V4L2_ATR_ENABLE</id>
      <value>0x0199e225</value>
    </constant>

    <!-- U16 -->
    <constant type="integer">
      <id>V4L2_ATR_GAIN</id>
      <value>0x0199e226</value>
    </constant>

    <!-- BM8, bit 0 = ENABLE -->
    <constant type="integer">
      <id>V4L2_ATR_ENABLE_WIDE_D</id>
      <value>0x0199e227</value>
    </constant>

    <!-- U16 -->
    <constant type="integer">
      <id>V4L2_ATR_CONTRAST</id>
      <value>0x0199e228</value>
    </constant>

    <!-- BM8, bit 0 = ENABLE -->
    <constant type="integer">
      <id>V4L2_ATR_CONTRAST_AUTO</id>
      <value>0x0199e229</value>
    </constant>

    <!-- U16 -->
    <constant type="integer">
      <id>V4L2_ATR_CHROMA</id>
      <value>0x0199e230</value>
    </constant>

    <!-- BM8, bit 0 = ENABLE -->
    <constant type="integer">
      <id>V4L2_IMAGE_STABILIZATION</id>
      <value>0x0199e231</value>
    </constant>

    <!-- BM8, bit 0 = ENABLE -->
    <constant type="integer">
      <id>V4L2_NOISE_REDUCTION</id>
      <value>0x0199e232</value>
    </constant>

    <!-- BM8, bit 0 = ENABLE -->
    <constant type="integer">
      <id>V4L2_FACE_DETECTION</id>
      <value>0x0199e233</value>
    </constant>

    <constant type="integer">
      <id>V4L2_CID_BINNING</id>
      <value>0x0199e234</value>
    </constant>

    <!-- register values -->

    <!-- BM8, bit 0 = ENABLE -->
    <constant type="integer">
      <id>XU_AUTO_SHUTTER</id>
      <value>0x01</value>
    </constant>
    <!-- BM8, bit 0 = ENABLE -->
    <constant type="integer">
      <id>XU_AUTO_GAIN</id>
      <value>0x02</value>
    </constant>
    <!-- BM8, write bit 0 = START, read bit 0 = RUNNING -->
    <constant type="integer">
      <id>XU_ONE_PUSH_WB</id>
      <value>0x03</value>
    </constant>
    <!-- S32 -->
    <constant type="integer">
      <id>XU_AUTO_EXPOSURE_REF</id>
      <value>0x04</value>
    </constant>
    <!-- BM8, bit 0 = ENABLE, bit 1 = POLARITY, bit 2 = GLOBAL_RESET_RELEASE -->
    <constant type="integer">
      <id>XU_TRIGGER</id>
      <value>0x05</value>
    </constant>
    <!-- BM8, bit 0 = ENABLE, bit 1 = POLARITY, bit 2 = USE_EXPOSURE_TIME -->
    <constant type="integer">
      <id>XU_STROBE_MODE</id>
      <value>0x06</value>
    </constant>
    <!-- U16:S16, duration:delay, in µs units -->
    <constant type="integer">
      <id>XU_STROBE_PARAMS</id>
      <value>0x07</value>
    </constant>
    <!-- BM8, bit 0 = OUT, bit 1 = IN -->
    <constant type="integer">
      <id>XU_GPIO</id>
      <value>0x08</value>
    </constant>
    <!-- BM8, value ignored, write = TRIGGER -->
    <constant type="integer">
      <id>XU_SOFTWARE_TRIGGER</id>
      <value>0x0F</value>
    </constant>

    <!-- U32 -->
    <constant type="integer">
      <id>XU_ROI_OFFSET_X</id>
      <value>0x15</value>
    </constant>
    <!-- U32 -->
    <constant type="integer">
      <id>XU_ROI_OFFSET_Y</id>
      <value>0x16</value>
    </constant>
    <!-- BM8, bit 0 = ENABLE -->
    <constant type="integer">
      <id>XU_ROI_AUTO_CENTER</id>
      <value>0x17</value>
    </constant>
    <!-- U32, in 0.01 dB units -->
    <constant type="integer">
      <id>XU_GAIN_ABS</id>
      <value>0x18</value>
    </constant>
    <!-- U32, in 100ns units -->
    <constant type="integer">
      <id>XU_TRIGGER_DELAY</id>
      <value>0x1A</value>
    </constant>
    <!-- U32, in µs units -->
    <constant type="integer">
      <id>XU_EXPOSURE_TIME_US</id>
      <value>0x1B</value>
    </constant>
    <!-- BM8, write = START -->
    <constant type="integer">
      <id>XU_AUTO_FOCUS_ONE_PUSH</id>
      <value>0x1C</value>
    </constant>
    <!-- BM8, bit 0 = ENABLE -->
    <constant type="integer">
      <id>XU_ATR_ENABLE</id>
      <value>0x1F</value>
    </constant>

    <!-- U16 -->
    <constant type="integer">
      <id>XU_ATR_GAIN</id>
      <value>0x20</value>
    </constant>
    <!-- BM8, bit 0 = ENABLE -->
    <constant type="integer">
      <id>XU_ATR_ENABLE_WIDE_D</id>
      <value>0x21</value>
    </constant>
    <!-- U16 -->
    <constant type="integer">
      <id>XU_ATR_CONTRAST</id>
      <value>0x22</value>
    </constant>
    <!-- BM8, bit 0 = ENABLE -->
    <constant type="integer">
      <id>XU_ATR_CONTRAST_AUTO</id>
      <value>0x23</value>
    </constant>
    <!-- U16 -->
    <constant type="integer">
      <id>XU_ATR_CHROMA</id>
      <value>0x24</value>
    </constant>
    <!-- XU_OVERRIDE_SCANNING_MODE MAKE_CONTROL_INFO(0x3A, 57) // U32 -->
    <!-- u32 -->
    <constant type="integer">
      <id>XU_OVERRIDE_SCANNING_MODE</id>
      <value>0x3A</value>
    </constant>

    <!-- U16, AFU130 specific presets -->
    <constant type="integer">
      <id>XU_WB_PRESET</id>
      <value>0x25</value>
    </constant>
    <!-- BM8, bit 0 = ENABLE -->
    <constant type="integer">
      <id>XU_AUTO_FOCUS_ROI_ENABLE</id>
      <value>0x29</value>
    </constant>
    <!-- S16 -->
    <constant type="integer">
      <id>XU_AUTO_FOCUS_ROI_LEFT</id>
      <value>0x2A</value>
    </constant>
    <!-- S16 -->
    <constant type="integer">
      <id>XU_AUTO_FOCUS_ROI_TOP</id>
      <value>0x2B</value>
    </constant>

    <!-- BM8, bit 0 = ENABLE -->
    <constant type="integer">
      <id>XU_IMAGE_STABILIZATION</id>
      <value>0x26</value>
    </constant>
    <!-- BM8, bit 0 = ENABLE -->
    <constant type="integer">
      <id>XU_NOISE_REDUCTION</id>
      <value>0x27</value>
    </constant>
    <!-- BM8, bit 0 = ENABLE -->
    <constant type="integer">
      <id>XU_FACE_DETECTION</id>
      <value>0x28</value>
    </constant>

  </constants>

  <devices>
    <device>

      <match>
        <vendor_id>0x199e</vendor_id>
      </match>

      <controls>
        <control id="exp_time">
          <entity>UVC_GUID_TISEUVC_XU</entity>
          <selector>XU_EXPOSURE_TIME_US</selector>
          <index>26</index>
          <size>8</size>
          <requests>
            <request>SET_CUR</request>
            <request>GET_CUR</request>
            <request>GET_DEF</request>
            <request>GET_RES</request>
          </requests>
        </control>

        <!-- BM8, bit 0 = ENABLE -->
        <control id="auto_shutter">
          <entity>UVC_GUID_TISEUVC_XU</entity>
          <selector>XU_AUTO_SHUTTER</selector>
          <index>0</index>
          <size>1</size>
          <requests>
            <request>SET_CUR</request>
            <request>GET_CUR</request>
            <request>GET_DEF</request>
            <request>GET_RES</request>
          </requests>
        </control>

        <!-- S32 -->
        <control id="auto_exposure_ref">
          <entity>UVC_GUID_TISEUVC_XU</entity>
          <selector>XU_AUTO_EXPOSURE_REF</selector>
          <index>3</index>
          <size>8</size>
          <requests>
            <request>SET_CUR</request>
            <request>GET_CUR</request>
            <request>GET_DEF</request>
            <request>GET_RES</request>
          </requests>
        </control>

        <!-- U32, in 0.01 dB units -->
        <control id="gain_abs">
          <entity>UVC_GUID_TISEUVC_XU</entity>
          <selector>XU_GAIN_ABS</selector>
          <index>23</index>
          <size>8</size>
          <requests>
            <request>SET_CUR</request>
            <request>GET_CUR</request>
            <request>GET_DEF</request>
            <request>GET_RES</request>
          </requests>

        </control>

        <!-- BM8, bit 0 = ENABLE -->
        <control id="auto_gain">
          <entity>UVC_GUID_TISEUVC_XU</entity>
          <selector>XU_AUTO_GAIN</selector>
          <index>1</index>
          <size>1</size>
          <requests>
            <request>SET_CUR</request>
            <request>GET_CUR</request>
            <request>GET_DEF</request>
            <request>GET_RES</request>
          </requests>
        </control>

        <!-- BM8, write bit 0 = START, read bit 0 = RUNNING -->
        <control id="one_push_wb">
          <entity>UVC_GUID_TISEUVC_XU</entity>
          <selector>XU_ONE_PUSH_WB</selector>
          <index>2</index>
          <size>4</size>
          <requests>
            <request>SET_CUR</request>
            <request>GET_CUR</request>
            <request>GET_DEF</request>
            <request>GET_RES</request>
          </requests>
        </control>

        <!-- U16, AFU130 specific presets -->
        <control id="wb_preset">
          <entity>UVC_GUID_TISEUVC_XU</entity>
          <selector>XU_WB_PRESET</selector>
          <index>24</index>
          <size>1</size>
          <requests>
            <request>SET_CUR</request>
            <request>GET_CUR</request>
            <!-- <request>GET_DEF</request> -->
            <!-- <request>GET_RES</request> -->
            <!-- <request>GET_MIN</request> -->
            <!-- <request>GET_MAX</request> -->
          </requests>
        </control>

        <!-- BM8, bit 0 = ENABLE, bit 1 = POLARITY, bit 2 = GLOBAL_RESET_RELEASE -->
        <control id="trigger">
          <entity>UVC_GUID_TISEUVC_XU</entity>
          <selector>XU_TRIGGER</selector>
          <index>4</index>
          <size>1</size>
          <requests>
            <request>SET_CUR</request>
            <request>GET_CUR</request>
            <!-- <request>GET_DEF</request> -->
            <!-- <request>GET_RES</request> -->
          </requests>
        </control>

        <!-- BM8, value ignored, write = TRIGGER -->
        <control id="software_trigger">
          <entity>UVC_GUID_TISEUVC_XU</entity>
          <selector>XU_SOFTWARE_TRIGGER</selector>
          <index>14</index>
          <size>8</size>
          <requests>
            <request>SET_CUR</request>
            <request>GET_CUR</request>
            <!-- <request>GET_DEF</request> -->
            <!-- <request>GET_RES</request> -->
          </requests>
        </control>

        <!-- U32, in 100ns units -->
        <control id="trigger_delay">
          <entity>UVC_GUID_TISEUVC_XU</entity>
          <selector>XU_TRIGGER_DELAY</selector>
          <index>25</index>
          <size>4</size>
          <requests>
            <request>SET_CUR</request>
            <request>GET_CUR</request>
            <request>GET_DEF</request>
            <request>GET_RES</request>
          </requests>
        </control>

        <!-- BM8, bit 0 = ENABLE, bit 1 = POLARITY, bit 2 = USE_EXPOSURE_TIME -->
        <control id="strobe_mode">
          <entity>UVC_GUID_TISEUVC_XU</entity>
          <selector>XU_STROBE_MODE</selector>
          <index>5</index>
          <size>4</size>
          <requests>
            <request>SET_CUR</request>
            <request>GET_CUR</request>
            <request>GET_DEF</request>
            <request>GET_RES</request>
          </requests>
        </control>

        <!-- U16:S16, duration:delay, in µs units -->
        <control id="strobe_params">
          <entity>UVC_GUID_TISEUVC_XU</entity>
          <selector>XU_STROBE_PARAMS</selector>
          <index>6</index>
          <size>4</size>
          <requests>
            <request>SET_CUR</request>
            <request>GET_CUR</request>
            <request>GET_DEF</request>
            <request>GET_RES</request>
          </requests>
        </control>

        <!-- BM8, bit 0 = OUT, bit 1 = IN -->
        <control id="gpio_out">
          <entity>UVC_GUID_TISEUVC_XU</entity>
          <selector>XU_GPIO</selector>
          <index>7</index>
          <size>4</size>
          <requests>
            <request>GET_CUR</request>
            <request>GET_DEF</request>
            <request>GET_RES</request>
          </requests>
        </control>

        <control id="gpio_in">
          <entity>UVC_GUID_TISEUVC_XU</entity>
          <selector>XU_GPIO</selector>
          <index>7</index>
          <size>4</size>
          <requests>
            <request>SET_CUR</request>
            <request>GET_CUR</request>
            <request>GET_DEF</request>
            <request>GET_RES</request>
          </requests>
        </control>

        <!-- U32 -->
        <control id="roi_offset_x">
          <entity>UVC_GUID_TISEUVC_XU</entity>
          <selector>XU_ROI_OFFSET_X</selector>
          <index>20</index>
          <size>4</size>
          <requests>
            <request>SET_CUR</request>
            <request>GET_CUR</request>
            <request>GET_DEF</request>
            <request>GET_RES</request>
          </requests>
        </control>

        <!-- U32 -->
        <control id="roi_offset_y">
          <entity>UVC_GUID_TISEUVC_XU</entity>
          <selector>XU_ROI_OFFSET_Y</selector>
          <index>21</index>
          <size>4</size>
          <requests>
            <request>SET_CUR</request>
            <request>GET_CUR</request>
            <request>GET_DEF</request>
            <request>GET_RES</request>
          </requests>
        </control>

        <!-- BM8, bit 0 = ENABLE -->
        <control id="roi_auto_center">
          <entity>UVC_GUID_TISEUVC_XU</entity>
          <selector>XU_ROI_AUTO_CENTER</selector>
          <index>23</index>
          <size>4</size>
          <requests>
            <request>SET_CUR</request>
            <request>GET_CUR</request>
            <request>GET_DEF</request>
            <request>GET_RES</request>
          </requests>
        </control>

        <!-- BM8, write = START -->
        <control id="auto_focus_one_push">
          <entity>UVC_GUID_TISEUVC_XU</entity>
          <selector>XU_AUTO_FOCUS_ONE_PUSH</selector>
          <index>27</index>
          <size>4</size>
          <requests>
            <request>SET_CUR</request>
            <request>GET_CUR</request>
            <request>GET_DEF</request>
            <request>GET_RES</request>
          </requests>
        </control>

        <!-- BM8, bit 0 = ENABLE -->
        <control id="auto_focus_roi_enable">
          <entity>UVC_GUID_TISEUVC_XU</entity>
          <selector>XU_AUTO_FOCUS_ROI_ENABLE</selector>
          <index>40</index>
          <size>4</size>
          <requests>
            <request>SET_CUR</request>
            <request>GET_CUR</request>
            <request>GET_DEF</request>
            <request>GET_RES</request>
          </requests>
        </control>

        <!-- S16 -->
        <control id="auto_focus_roi_left">
          <entity>UVC_GUID_TISEUVC_XU</entity>
          <selector>XU_AUTO_FOCUS_ROI_LEFT</selector>
          <index>41</index>
          <size>8</size>
          <requests>
            <request>SET_CUR</request>
            <request>GET_CUR</request>
            <request>GET_DEF</request>
            <request>GET_RES</request>
          </requests>
        </control>

        <!-- S16 -->
        <control id="auto_focus_roi_top">
          <entity>UVC_GUID_TISEUVC_XU</entity>
          <selector>XU_AUTO_FOCUS_ROI_TOP</selector>
          <index>42</index>
          <size>8</size>
          <requests>
            <request>SET_CUR</request>
            <request>GET_CUR</request>
            <request>GET_DEF</request>
            <request>GET_RES</request>
          </requests>
        </control>

        <!-- BM8, bit 0 = ENABLE -->
        <control id="atr_enable">
          <entity>UVC_GUID_TISEUVC_XU</entity>
          <selector>XU_ATR_ENABLE</selector>
          <index>30</index>
          <size>1</size>
          <requests>
            <request>SET_CUR</request>
            <request>GET_CUR</request>
            <request>GET_DEF</request>
            <request>GET_RES</request>
          </requests>
        </control>

        <!-- XU_ATR_GAIN					0x20 // U16 -->
        <control id="atr_gain">
          <entity>UVC_GUID_TISEUVC_XU</entity>
          <selector>XU_ATR_GAIN</selector>
          <index>31</index>
          <size>8</size>
          <requests>
            <request>SET_CUR</request>
            <request>GET_CUR</request>
            <request>GET_DEF</request>
            <request>GET_RES</request>
            <request>GET_MIN</request>
            <request>GET_RAX</request>
          </requests>
        </control>

        <!-- XU_ATR_ENABLE_WIDE_D		0x21 // BM8, bit 0 = ENABLE -->
        <control id="atr_enable_wide_d">
          <entity>UVC_GUID_TISEUVC_XU</entity>
          <selector>XU_ATR_ENABLE_WIDE_D</selector>
          <index>32</index>
          <size>1</size>
          <requests>
            <request>SET_CUR</request>
            <request>GET_CUR</request>
            <request>GET_DEF</request>
            <request>GET_RES</request>
          </requests>
        </control>

        <!-- XU_ATR_CONTRAST				0x22 // U16 -->
        <control id="atr_contrast">
          <entity>UVC_GUID_TISEUVC_XU</entity>
          <selector>XU_ATR_CONTRAST</selector>
          <index>33</index>
          <size>8</size>
          <requests>
            <request>SET_CUR</request>
            <request>GET_CUR</request>
            <request>GET_DEF</request>
            <request>GET_RES</request>
            <request>GET_MIN</request>
            <request>GET_RAX</request>
          </requests>
        </control>

        <!-- XU_ATR_CONTRAST_AUTO		0x23 // BM8, bit 0 = ENABLE -->
        <control id="atr_contrast_auto">
          <entity>UVC_GUID_TISEUVC_XU</entity>
          <selector>XU_ATR_CONTRAST_AUTO</selector>
          <index>34</index>
          <size>1</size>
          <requests>
            <request>SET_CUR</request>
            <request>GET_CUR</request>
            <request>GET_DEF</request>
            <request>GET_RES</request>
          </requests>
        </control>

        <!-- XU_ATR_CHROMA				0x24 // U16 -->
        <control id="atr_chroma">
          <entity>UVC_GUID_TISEUVC_XU</entity>
          <selector>XU_ATR_CHROMA</selector>
          <index>35</index>
          <size>8</size>
          <requests>
            <request>SET_CUR</request>
            <request>GET_CUR</request>
            <request>GET_DEF</request>
            <request>GET_RES</request>
            <request>GET_MIN</request>
            <request>GET_RAX</request>
          </requests>
        </control>

        <!-- XU_IMAGE_STABILIZATION		0x26 // BM8, bit 0 = ENABLE -->
        <control id="image_stabilization">
          <entity>UVC_GUID_TISEUVC_XU</entity>
          <selector>XU_IMAGE_STABILIZATION</selector>
          <index>37</index>
          <size>1</size>
          <requests>
            <request>SET_CUR</request>
            <request>GET_CUR</request>
            <request>GET_DEF</request>
            <request>GET_RES</request>
          </requests>
        </control>

        <!-- XU_NOISE_REDUCTION			0x27 // BM8, bit 0 = ENABLE -->
        <control id="noise_reduction">
          <entity>UVC_GUID_TISEUVC_XU</entity>
          <selector>XU_NOISE_REDUCTION</selector>
          <index>38</index>
          <size>1</size>
          <requests>
            <request>SET_CUR</request>
            <request>GET_CUR</request>
            <request>GET_DEF</request>
            <request>GET_RES</request>
          </requests>
        </control>

        <!-- XU_FACE_DETECTION			0x28 // BM8, bit 0 = ENABLE -->
        <control id="face_detection">
          <entity>UVC_GUID_TISEUVC_XU</entity>
          <selector>XU_FACE_DETECTION</selector>
          <index>39</index>
          <size>1</size>
          <requests>
            <request>SET_CUR</request>
            <request>GET_CUR</request>
            <request>GET_DEF</request>
            <request>GET_RES</request>
          </requests>
        </control>

        <control id="binning">
          <entity>UVC_GUID_TISEUVC_XU</entity>
          <selector>XU_OVERRIDE_SCANNING_MODE</selector>
          <index>57</index>
          <size>1</size>
          <requests>
            <request>SET_CUR</request>
            <request>GET_CUR</request>
            <request>GET_DEF</request>
            <request>GET_RES</request>
          </requests>
        </control>
      </controls>
    </device>
  </devices>

  <mappings>

    <mapping>
      <name>Binning</name>
      <uvc>
        <control_ref idref="binning"/>
        <size>32</size>
        <offset>0</offset>
        <uvc_type>UVC_CTRL_DATA_TYPE_UNSIGNED</uvc_type>
      </uvc>
      <v4l2>
        <id>V4L2_CID_BINNING</id>
        <v4l2_type>V4L2_CTRL_TYPE_MENU</v4l2_type>
        <menu_entry name="Binning-None" value="1"/>
        <menu_entry name="Binning 2x" value="2"/>
        <menu_entry name="Binning 4x" value="4"/>
      </v4l2>
    </mapping>

    <mapping>
      <name>Exposure Time (us)</name>
      <uvc>
        <control_ref idref="exp_time"/>
        <size>32</size>
        <offset>0</offset>
        <uvc_type>UVC_CTRL_DATA_TYPE_UNSIGNED</uvc_type>
      </uvc>
      <v4l2>
        <id>V4L2_EXPOSURE_TIME_US</id>
        <v4l2_type>V4L2_CTRL_TYPE_INTEGER</v4l2_type>
      </v4l2>
    </mapping>

    <mapping>
      <name>Auto Shutter</name>
      <uvc>
        <control_ref idref="auto_shutter"/>
        <size>1</size>
        <offset>0</offset>
        <uvc_type>UVC_CTRL_DATA_TYPE_BOOLEAN</uvc_type>
      </uvc>
      <v4l2>
        <id>V4L2_AUTO_SHUTTER</id>
        <v4l2_type>V4L2_CTRL_TYPE_BOOLEAN</v4l2_type>
      </v4l2>
    </mapping>

    <mapping>
      <name>Auto Exposure Reference</name>
      <uvc>
        <control_ref idref="auto_exposure_ref"/>
        <size>32</size>
        <offset>0</offset>
        <uvc_type>UVC_CTRL_DATA_TYPE_SIGNED</uvc_type>
      </uvc>
      <v4l2>
        <id>V4L2_AUTO_EXPOSURE_REF</id>
        <v4l2_type>V4L2_CTRL_TYPE_INTEGER</v4l2_type>
      </v4l2>
    </mapping>

    <mapping>
      <name>Gain (dB/100)</name>
      <uvc>
        <control_ref idref="gain_abs"/>
        <size>32</size>
        <offset>0</offset>
        <uvc_type>UVC_CTRL_DATA_TYPE_UNSIGNED</uvc_type>
      </uvc>
      <v4l2>
        <id>V4L2_GAIN_ABS</id>
        <v4l2_type>V4L2_CTRL_TYPE_INTEGER</v4l2_type>
      </v4l2>
    </mapping>

    <mapping>
      <name>Gain Auto</name>
      <uvc>
        <control_ref idref="auto_gain"/>
        <size>1</size>
        <offset>0</offset>
        <uvc_type>UVC_CTRL_DATA_TYPE_BOOLEAN</uvc_type>
      </uvc>
      <v4l2>
        <id>V4L2_AUTO_GAIN</id>
        <v4l2_type>V4L2_CTRL_TYPE_BOOLEAN</v4l2_type>
      </v4l2>
    </mapping>

    <mapping>
      <name>Whitebalance One Push</name>
      <uvc>
        <control_ref idref="one_push_wb"/>
        <size>1</size>
        <offset>0</offset>
        <uvc_type>UVC_CTRL_DATA_TYPE_BOOLEAN</uvc_type>
      </uvc>
      <v4l2>
        <id>V4L2_ONE_PUSH_WB</id>
        <v4l2_type>V4L2_CTRL_TYPE_BUTTON</v4l2_type>
      </v4l2>
    </mapping>

    <mapping>
      <name>Whitebalance Preset</name>
      <uvc>
        <control_ref idref="wb_preset"/>
        <size>16</size>
        <offset>0</offset>
        <uvc_type>UVC_CTRL_DATA_TYPE_UNSIGNED</uvc_type>
      </uvc>
      <v4l2>
        <id>V4L2_WB_PRESET</id>
        <v4l2_type>V4L2_CTRL_TYPE_MENU</v4l2_type>
        <menu_entry name="Hold (After Auto)" value="1"/>
        <menu_entry name="Light Bulb" value="3"/>
        <menu_entry name="Neutral Color Fluorescent Light" value="4"/>
        <menu_entry name="Clear Sky" value="5"/>
        <menu_entry name="Cloudy Sky" value="6"/>
        <menu_entry name="Daylight Color Fluorescent Light" value="9"/>
        <menu_entry name="Light Bulb Color Fluorescent Light" value="10"/>
      </v4l2>
    </mapping>

    <mapping>
      <name>Trigger Mode</name>
      <uvc>
        <control_ref idref="trigger"/>
        <size>1</size>
        <offset>0</offset>
        <uvc_type>UVC_CTRL_DATA_TYPE_BOOLEAN</uvc_type>
      </uvc>
      <v4l2>
        <id>V4L2_TRIGGER</id>
        <v4l2_type>V4L2_CTRL_TYPE_BOOLEAN</v4l2_type>
      </v4l2>
    </mapping>

    <mapping>
      <name>Trigger Polarity</name>
      <uvc>
        <control_ref idref="trigger"/>
        <size>1</size>
        <offset>1</offset>
        <uvc_type>UVC_CTRL_DATA_TYPE_BOOLEAN</uvc_type>
      </uvc>
      <v4l2>
        <id>V4L2_TRIGGER</id>
        <v4l2_type>V4L2_CTRL_TYPE_BOOLEAN</v4l2_type>
      </v4l2>
    </mapping>

    <mapping>
      <name>Trigger Global Reset Release</name>
      <uvc>
        <control_ref idref="trigger"/>
        <size>1</size>
        <offset>2</offset>
        <uvc_type>UVC_CTRL_DATA_TYPE_BOOLEAN</uvc_type>
      </uvc>
      <v4l2>
        <id>V4L2_TRIGGER</id>
        <v4l2_type>V4L2_CTRL_TYPE_BOOLEAN</v4l2_type>
      </v4l2>
    </mapping>

    <mapping>
      <name>Software Trigger</name>
      <uvc>
        <control_ref idref="software_trigger"/>
        <size>1</size>
        <offset>0</offset>
        <uvc_type>UVC_CTRL_DATA_TYPE_BOOLEAN</uvc_type>
      </uvc>
      <v4l2>
        <id>V4L2_SOFTWARE_TRIGGER</id>
        <v4l2_type>V4L2_CTRL_TYPE_BUTTON</v4l2_type>

      </v4l2>
    </mapping>

    <mapping>
      <name>Trigger Delay</name>
      <uvc>
        <control_ref idref="trigger_delay"/>
        <size>8</size>
        <offset>0</offset>
        <uvc_type>UVC_CTRL_DATA_TYPE_UNSIGNED</uvc_type>
      </uvc>
      <v4l2>
        <id>V4L2_TRIGGER_DELAY</id>
        <v4l2_type>V4L2_CTRL_TYPE_INTEGER</v4l2_type>
      </v4l2>
    </mapping>

    <mapping>
      <name>Strobe Enable</name>
      <uvc>
        <control_ref idref="strobe_mode"/>
        <size>1</size>
        <offset>0</offset>
        <uvc_type>UVC_CTRL_DATA_TYPE_BOOLEAN</uvc_type>
      </uvc>
      <v4l2>
        <id>V4L2_STROBE_ENABLE</id>
        <v4l2_type>V4L2_CTRL_TYPE_BOOLEAN</v4l2_type>
      </v4l2>
    </mapping>

    <mapping>
      <name>Strobe Polarity</name>
      <uvc>
        <control_ref idref="strobe_mode"/>
        <size>1</size>
        <offset>1</offset>
        <uvc_type>UVC_CTRL_DATA_TYPE_BOOLEAN</uvc_type>
      </uvc>
      <v4l2>
        <id>V4L2_STROBE_POLARITY</id>
        <v4l2_type>V4L2_CTRL_TYPE_BOOLEAN</v4l2_type>
      </v4l2>
    </mapping>

    <mapping>
      <name>Strobe Exposure</name>
      <uvc>
        <control_ref idref="strobe_mode"/>
        <size>1</size>
        <offset>2</offset>
        <uvc_type>UVC_CTRL_DATA_TYPE_BOOLEAN</uvc_type>
      </uvc>
      <v4l2>
        <id>V4L2_STROBE_EXPOSURE</id>
        <v4l2_type>V4L2_CTRL_TYPE_BOOLEAN</v4l2_type>
      </v4l2>
    </mapping>

    <mapping>
      <name>Strobe Duration</name>
      <uvc>
        <control_ref idref="strobe_params"/>
        <size>16</size>
        <offset>0</offset>
        <uvc_type>UVC_CTRL_DATA_TYPE_UNSIGNED</uvc_type>
      </uvc>
      <v4l2>
        <id>V4L2_STROBE_DURATION</id>
        <v4l2_type>V4L2_CTRL_TYPE_INTEGER</v4l2_type>
      </v4l2>
    </mapping>

    <mapping>
      <name>Strobe Delay</name>
      <uvc>
        <control_ref idref="strobe_params"/>
        <size>16</size>
        <offset>16</offset>
        <uvc_type>UVC_CTRL_DATA_TYPE_SIGNED</uvc_type>
      </uvc>
      <v4l2>
        <id>V4L2_STROBE_DELAY</id>
        <v4l2_type>V4L2_CTRL_TYPE_INTEGER</v4l2_type>
      </v4l2>
    </mapping>

    <mapping>
      <name>GPOUT</name>
      <uvc>
        <control_ref idref="gpio_out"/>
        <size>1</size>
        <offset>0</offset>
        <uvc_type>UVC_CTRL_DATA_TYPE_BOOLEAN</uvc_type>
      </uvc>
      <v4l2>
        <id>V4L2_GPOUT</id>
        <v4l2_type>V4L2_CTRL_TYPE_BOOLEAN</v4l2_type>
      </v4l2>
    </mapping>

    <mapping>
      <name>GPIN</name>
      <uvc>
        <control_ref idref="gpio_in"/>
        <size>1</size>
        <offset>1</offset>
        <uvc_type>UVC_CTRL_DATA_TYPE_BOOLEAN</uvc_type>
      </uvc>
      <v4l2>
        <id>V4L2_GPIN</id>
        <v4l2_type>V4L2_CTRL_TYPE_BOOLEAN</v4l2_type>
      </v4l2>
    </mapping>

    <mapping>
      <name>ROI Offset X</name>
      <uvc>
        <control_ref idref="roi_offset_x"/>
        <size>32</size>
        <offset>0</offset>
        <uvc_type>UVC_CTRL_DATA_TYPE_UNSIGNED</uvc_type>
      </uvc>
      <v4l2>
        <id>V4L2_ROI_OFFSET_X</id>
        <v4l2_type>V4L2_CTRL_TYPE_INTEGER</v4l2_type>
      </v4l2>
    </mapping>

    <mapping>
      <name>ROI Offset Y</name>
      <uvc>
        <control_ref idref="roi_offset_y"/>
        <size>32</size>
        <offset>0</offset>
        <uvc_type>UVC_CTRL_DATA_TYPE_UNSIGNED</uvc_type>
      </uvc>
      <v4l2>
        <id>V4L2_ROI_OFFSET_Y</id>
        <v4l2_type>V4L2_CTRL_TYPE_INTEGER</v4l2_type>
      </v4l2>
    </mapping>

    <mapping>
      <name>ROI Auto Center</name>
      <uvc>
        <control_ref idref="roi_auto_center"/>
        <size>1</size>
        <offset>0</offset>
        <uvc_type>UVC_CTRL_DATA_TYPE_BOOLEAN</uvc_type>
      </uvc>
      <v4l2>
        <id>V4L2_ROI_AUTO_CENTER</id>
        <v4l2_type>V4L2_CTRL_TYPE_BOOLEAN</v4l2_type>
      </v4l2>
    </mapping>

    <mapping>
      <name>Auto Focus One Push</name>
      <uvc>
        <control_ref idref="auto_focus_one_push"/>
        <size>1</size>
        <offset>0</offset>
        <uvc_type>UVC_CTRL_DATA_TYPE_BOOLEAN</uvc_type>
      </uvc>
      <v4l2>
        <id>V4L2_AUTO_FOCUS_ONE_PUSH</id>
        <v4l2_type>V4L2_CTRL_TYPE_BUTTON</v4l2_type>
      </v4l2>
    </mapping>

    <mapping>
      <name>Auto Focus ROI Enable</name>
      <uvc>
        <control_ref idref="auto_focus_roi_enable"/>
        <size>1</size>
        <offset>0</offset>
        <uvc_type>UVC_CTRL_DATA_TYPE_BOOLEAN</uvc_type>
      </uvc>
      <v4l2>
        <id>V4L2_AUTO_FOCUS_ROI_ENABLE</id>
        <v4l2_type>V4L2_CTRL_TYPE_BOOLEAN</v4l2_type>
      </v4l2>
    </mapping>

    <mapping>
      <name>Auto Focus ROI Left</name>
      <uvc>
        <control_ref idref="auto_focus_roi_left"/>
        <size>8</size>
        <offset>0</offset>
        <uvc_type>UVC_CTRL_DATA_TYPE_SIGNED</uvc_type>
      </uvc>
      <v4l2>
        <id>V4L2_AUTO_FOCUS_ROI_LEFT</id>
        <v4l2_type>V4L2_CTRL_TYPE_INTEGER</v4l2_type>
      </v4l2>
    </mapping>

    <mapping>
      <name>Auto Focus ROI Top</name>
      <uvc>
        <control_ref idref="auto_focus_roi_top"/>
        <size>8</size>
        <offset>0</offset>
        <uvc_type>UVC_CTRL_DATA_TYPE_SIGNED</uvc_type>
      </uvc>
      <v4l2>
        <id>V4L2_AUTO_FOCUS_ROI_TOP</id>
        <v4l2_type>V4L2_CTRL_TYPE_INTEGER</v4l2_type>
      </v4l2>
    </mapping>

    <mapping>
      <name>ATR Enable</name>
      <uvc>
        <control_ref idref="atr_enable"/>
        <size>1</size>
        <offset>0</offset>
        <uvc_type>UVC_CTRL_DATA_TYPE_BOOLEAN</uvc_type>
      </uvc>
      <v4l2>
        <id>V4L2_ATR_ENABLE</id>
        <v4l2_type>V4L2_CTRL_TYPE_BOOLEAN</v4l2_type>
      </v4l2>
    </mapping>

    <mapping>
      <name>ATR Gain</name>
      <uvc>
        <control_ref idref="atr_gain"/>
        <size>8</size>
        <offset>0</offset>
        <uvc_type>UVC_CTRL_DATA_TYPE_UNSIGNED</uvc_type>
      </uvc>
      <v4l2>
        <id>V4L2_ATR_GAIN</id>
        <v4l2_type>V4L2_CTRL_TYPE_INTEGER</v4l2_type>
      </v4l2>
    </mapping>

    <mapping>
      <name>ATR Enable Wide D</name>
      <uvc>
        <control_ref idref="atr_enable_wide_d"/>
        <size>1</size>
        <offset>0</offset>
        <uvc_type>UVC_CTRL_DATA_TYPE_BOOLEAN</uvc_type>
      </uvc>
      <v4l2>
        <id>V4L2_ATR_ENABLE_WIDE_D</id>
        <v4l2_type>V4L2_CTRL_TYPE_BOOLEAN</v4l2_type>
      </v4l2>
    </mapping>

    <mapping>
      <name>ATR Contrast</name>
      <uvc>
        <control_ref idref="atr_contrast"/>
        <size>8</size>
        <offset>0</offset>
        <uvc_type>UVC_CTRL_DATA_TYPE_UNSIGNED</uvc_type>
      </uvc>
      <v4l2>
        <id>V4L2_ATR_CONTRAST</id>
        <v4l2_type>V4L2_CTRL_TYPE_INTEGER</v4l2_type>
      </v4l2>
    </mapping>

    <mapping>
      <name>ATR Contrast Auto</name>
      <uvc>
        <control_ref idref="atr_contrast_auto"/>
        <size>1</size>
        <offset>0</offset>
        <uvc_type>UVC_CTRL_DATA_TYPE_BOOLEAN</uvc_type>
      </uvc>
      <v4l2>
        <id>V4L2_ATR_CONTRAST_AUTO</id>
        <v4l2_type>V4L2_CTRL_TYPE_BOOLEAN</v4l2_type>
      </v4l2>
    </mapping>

    <mapping>
      <name>ATR Chroma</name>
      <uvc>
        <control_ref idref="atr_chroma"/>
        <size>8</size>
        <offset>0</offset>
        <uvc_type>UVC_CTRL_DATA_TYPE_UNSIGNED</uvc_type>
      </uvc>
      <v4l2>
        <id>V4L2_ATR_CHROMA</id>
        <v4l2_type>V4L2_CTRL_TYPE_INTEGER</v4l2_type>
      </v4l2>
    </mapping>

    <mapping>
      <name>Image Stabilization</name>
      <uvc>
        <control_ref idref="image_stabilization"/>
        <size>1</size>
        <offset>0</offset>
        <uvc_type>UVC_CTRL_DATA_TYPE_BOOLEAN</uvc_type>
      </uvc>
      <v4l2>
        <id>V4L2_IMAGE_STABILIZATION</id>
        <v4l2_type>V4L2_CTRL_TYPE_BOOLEAN</v4l2_type>
      </v4l2>
    </mapping>

    <mapping>
      <name>Noise Reduction</name>
      <uvc>
        <control_ref idref="noise_reduction"/>
        <size>1</size>
        <offset>0</offset>
        <uvc_type>UVC_CTRL_DATA_TYPE_BOOLEAN</uvc_type>
      </uvc>
      <v4l2>
        <id>V4L2_NOISE_REDUCTION</id>
        <v4l2_type>V4L2_CTRL_TYPE_BOOLEAN</v4l2_type>
      </v4l2>
    </mapping>

    <mapping>
      <name>Face Detection</name>
      <uvc>
        <control_ref idref="face_detection"/>
        <size>1</size>
        <offset>0</offset>
        <uvc_type>UVC_CTRL_DATA_TYPE_BOOLEAN</uvc_type>
      </uvc>
      <v4l2>
        <id>V4L2_FACE_DETECTION</id>
        <v4l2_type>V4L2_CTRL_TYPE_BOOLEAN</v4l2_type>
      </v4l2>
    </mapping>

  </mappings>
</config>
